Workbook

Sheet Realisasi Event
A1: REALISASI EVENT — Magna Technology
A2: Contoh model tampilan ekspor — data di bawah ini CONTOH, bukan data transaksi asli. Diurutkan dari tanggal pengeluaran paling awal.
A4: No. | B4: Tanggal | C4: Divisi | D4: Event / Proyek Terkait | E4: Kategori | F4: PIC Pengeluaran | G4: Nominal | H4: Total Berjalan | I4: Metode Pembayaran | J4: Status Penggantian Dana | K4: Bukti Transaksi | L4: Keterangan (opsional) | M4: Dicatat Oleh
A5: 1 | B5: 2026-09-02 | C5: Magnativ | D5: Wedding Expo Jakarta | E5: Sewa Venue | F5: Azriel | G5: 5000000 | H5: =SUM($G$5:G5) -> 5000000 | I5: Transfer BCA | J5: Tidak Perlu | K5: Azriel_02Sep_5000000_SewaVenueHariH.jpg Azriel_02Sep_5000000_SewaVenueHariH_2.jpg | L5: Sewa venue hari-H | M5: Rina (Finance)
A6: 2 | B6: 2026-09-03 | C6: Production | D6: Booth PT Sinar Abadi | E6: Dekorasi & Material | F6: Daniel Sitorus | G6: 2300000 | H6: =SUM($G$5:G6) -> 7300000 | I6: Qris | J6: Sudah Diganti | K6: DanielSitorus_03Sep_2300000_DekorasiBooth.jpg | L6: — | M6: Daniel Sitorus
A7: 3 | B7: 2026-09-04 | C7: Magnarent | D7: Sewa Genset — PT Maju Bersama | E7: Transportasi | F7: Hasby | G7: 450000 | H7: =SUM($G$5:G7) -> 7750000 | I7: Cash | J7: Belum Diganti | K7: Hasby_04Sep_450000_OngkosKirimAlat.jpg | L7: Ongkos kirim & bongkar alat | M7: Rina (Finance)
A8: 4 | B8: 2026-09-05 | C8: Finance / Umum | D8: (Operasional kantor — tidak terikat event) | E8: Operasional Kantor | F8: Rina (Finance) | G8: 1200000 | H8: =SUM($G$5:G8) -> 8950000 | I8: Kantong Jago | J8: Tidak Perlu | K8: Rina_05Sep_1200000_BeliATK.jpg Rina_05Sep_1200000_BeliATK_2.jpg Rina_05Sep_1200000_BeliATK_3.jpg | L8: Beli ATK & consumables kantor | M8: Rina (Finance)
A9: 5 | B9: 2026-09-06 | C9: Magnativ | D9: Product Launch ABC Cosmetics | E9: Konsumsi | F9: Angel | G9: 850000 | H9: =SUM($G$5:G9) -> 9800000 | I9: Transfer BCA | J9: Tidak Perlu | K9: Angel_06Sep_850000_SnackTim.jpg | L9: Snack & minum tim on-site | M9: Angel
A10: 6 | B10: 2026-09-06 | C10: Production | D10: Booth PT Sinar Abadi | E10: Talent / Vendor | F10: Daniel Sitorus | G10: 3500000 | H10: =SUM($G$5:G10) -> 13300000 | I10: Transfer Jago | J10: Belum Diganti | K10: ⚠ Belum diunggah | L10: Jasa tukang rakit booth (2 hari) | M10: Daniel Sitorus
F11: TOTAL | G11: =SUM(G5:G10) -> 13300000 | H11: =G11 -> 13300000
A13: Catatan: baris di atas CONTOH untuk menunjukkan tata letak kolom. Saat modul jadi: baris terisi otomatis dari input Anda di aplikasi (bukan diketik manual di Excel), kolom "Bukti Transaksi" jadi tautan yang bisa diklik langsung untuk melihat/mengunduh file aslinya, dan "Total Berjalan" otomatis menjumlahkan dari baris pertama sampai baris itu — dipakai sebagai jejak (track) pengeluaran kumulatif. Filter periode/divisi/kategori dipilih sebelum tombol "Ekspor Excel" ditekan, sama seperti halaman Laporan & Piutang yang sudah ada.

Sheet Rekap
A1: REKAP REALISASI EVENT
A2: Dihitung otomatis (SUMIFS) dari tab "Realisasi Event" — ganti/tambah baris di sana, angka di sini ikut berubah
A4: Rekap per Divisi
A5: Divisi | B5: Total Nominal
A6: Magnarent | B6: =SUMIFS('Realisasi Event'!$G$5:$G$10,'Realisasi Event'!$C$5:$C$10,A6) -> 450000
A7: Magnativ | B7: =SUMIFS('Realisasi Event'!$G$5:$G$10,'Realisasi Event'!$C$5:$C$10,A7) -> 5850000
A8: Production | B8: =SUMIFS('Realisasi Event'!$G$5:$G$10,'Realisasi Event'!$C$5:$C$10,A8) -> 5800000
A9: Finance / Umum | B9: =SUMIFS('Realisasi Event'!$G$5:$G$10,'Realisasi Event'!$C$5:$C$10,A9) -> 1200000
A10: Total | B10: =SUM(B6:B9) -> 13300000
A12: Rekap per Kategori
A13: Kategori | B13: Total Nominal
A14: Sewa Venue | B14: =SUMIFS('Realisasi Event'!$G$5:$G$10,'Realisasi Event'!$E$5:$E$10,A14) -> 5000000
A15: Dekorasi & Material | B15: =SUMIFS('Realisasi Event'!$G$5:$G$10,'Realisasi Event'!$E$5:$E$10,A15) -> 2300000
A16: Transportasi | B16: =SUMIFS('Realisasi Event'!$G$5:$G$10,'Realisasi Event'!$E$5:$E$10,A16) -> 450000
A17: Operasional Kantor | B17: =SUMIFS('Realisasi Event'!$G$5:$G$10,'Realisasi Event'!$E$5:$E$10,A17) -> 1200000
A18: Konsumsi | B18: =SUMIFS('Realisasi Event'!$G$5:$G$10,'Realisasi Event'!$E$5:$E$10,A18) -> 850000
A19: Talent / Vendor | B19: =SUMIFS('Realisasi Event'!$G$5:$G$10,'Realisasi Event'!$E$5:$E$10,A19) -> 3500000
A20: Percetakan | B20: =SUMIFS('Realisasi Event'!$G$5:$G$10,'Realisasi Event'!$E$5:$E$10,A20) -> 0
A21: Lain-lain | B21: =SUMIFS('Realisasi Event'!$G$5:$G$10,'Realisasi Event'!$E$5:$E$10,A21) -> 0
A22: Total | B22: =SUM(B14:B21) -> 13300000
A24: Rekap per Metode Pembayaran
A25: Metode Pembayaran | B25: Total Nominal
A26: Transfer BCA | B26: =SUMIFS('Realisasi Event'!$G$5:$G$10,'Realisasi Event'!$I$5:$I$10,A26) -> 5850000
A27: Qris | B27: =SUMIFS('Realisasi Event'!$G$5:$G$10,'Realisasi Event'!$I$5:$I$10,A27) -> 2300000
A28: Cash | B28: =SUMIFS('Realisasi Event'!$G$5:$G$10,'Realisasi Event'!$I$5:$I$10,A28) -> 450000
A29: Kantong Jago | B29: =SUMIFS('Realisasi Event'!$G$5:$G$10,'Realisasi Event'!$I$5:$I$10,A29) -> 1200000
A30: Transfer Jago | B30: =SUMIFS('Realisasi Event'!$G$5:$G$10,'Realisasi Event'!$I$5:$I$10,A30) -> 3500000
A31: Total | B31: =SUM(B26:B30) -> 13300000

Sheet Panduan Kategori
A1: PANDUAN KATEGORI PENGELUARAN
A2: Acuan supaya pemilihan kategori konsisten antar divisi — bukan bagian dari file ekspor asli, khusus untuk didiskusikan
A4: Kategori | B4: Dipakai untuk | C4: Contoh
A5: Sewa Venue | B5: Biaya sewa tempat/lokasi penyelenggaraan acara. | C5: Sewa ballroom, gedung, tenda, halaman outdoor
A6: Dekorasi & Material | B6: Bahan dan properti untuk dekorasi/tampilan acara atau booth. | C6: Backdrop, bunga, kain, properti panggung, material booth
A7: Transportasi | B7: Ongkos angkut alat/tim dan biaya perjalanan terkait event. | C7: Sewa truk/mobil, BBM, tol, parkir, ongkos kirim alat
A8: Konsumsi | B8: Makan dan minum untuk tim, klien, atau tamu selama persiapan/acara. | C8: Katering, snack, air minum kru
A9: Talent / Vendor | B9: Honor atau pembayaran ke pihak yang disewa untuk acara. | C9: MC, talent, fotografer/videografer, tukang/vendor eksternal
A10: Percetakan | B10: Cetak materi fisik terkait acara. | C10: Banner, id card, undangan, materi promosi cetak
A11: Operasional Kantor | B11: Pengeluaran rutin kantor yang TIDAK terikat ke event/proyek tertentu — dipakai untuk entri "Finance / Umum". | C11: ATK, listrik, internet kantor, langganan software
A12: Lain-lain | B12: Pengeluaran sah yang tidak cocok masuk kategori manapun di atas. | C12: Pengeluaran situasional/darurat di lapangan
